{"ts": 1783330315.713365, "data": {"United States": 21.5325967668865, "Japan": 27.6791711471936, "Germany": 21.9314930278238, "South Korea": 29.1311226726896, "India": 34.6030048968457, "Brazil": 17.0759965150742, "UK": 19.6884002261946, "France": 21.9383964560126, "Indonesia": 30.6186915015727, "Thailand": 22.0706663098923}}