{"ts": 1771101995.4915056, "data": {"United States": 68.3922996897461, "Japan": 55.4967297406272, "Germany": 49.5271264732859, "South Korea": 48.4862941515628, "India": 61.3835848625873, "Brazil": 63.9563266718107, "UK": 60.3642442819541, "France": 53.2795644429774, "Indonesia": 55.4001850312418, "Thailand": 58.2106253724236}}