{"ts": 1771101995.7934177, "data": {"United States": 21.8410127699649, "Japan": 26.1778501334799, "Germany": 21.4994328905028, "South Korea": 29.9738499299961, "India": 32.9141372549127, "Brazil": 16.9814356039822, "UK": 19.1197244388535, "France": 21.5139121721262, "Indonesia": 31.396354183511, "Thailand": 21.5809288126556}}