{"ts": 1783330306.8697455, "data": {"United States": 67.9090728780822, "Japan": 53.069552493906, "Germany": 53.1969323767145, "South Korea": 48.0219630775252, "India": 56.670997869197, "Brazil": 63.4399037108374, "UK": 60.4381581921015, "France": 54.1059871032217, "Indonesia": 55.2297591328854, "Thailand": 58.4599721646411}}