{"ts": 1771102044.7323751, "data": {"values": [16.9834545142268, 16.56557352932, 16.2233328656845, 15.4631349581316, 14.7768955354751, 14.9800297513263, 15.0329501874396, 14.8435861590045, 14.7289171300496, 14.9931908239159, 14.837784222569, 15.511543498627, 15.9047696976095, 15.9462837052091, 15.8783188765672, 16.2578121496943, 16.4004661104345, 16.501760892272, 16.8365384091475, 17.1510123948127, 17.6037978191606, 16.3512045683208, 16.6626986358672, 17.1891419707315, 16.6332619368971, 16.6332619368971], "index": ["2000", "2001", "2002", "2003", "2004", "2005", "2006", "2007", "2008", "2009", "2010", "2011", "2012", "2013", "2014", "2015", "2016", "2017", "2018", "2019", "2020", "2021", "2022", "2023", "2024", "2025"], "name": "NE.CON.GOVT.ZS", "index_numeric": true}}