{"ts": 1771102045.5811415, "data": {"values": [1223.75491997105, 1355.03659025152, 1489.82168205054, 1683.9033098438501, 1984.19655130044, 2317.55129805205, 2791.49847280433, 3604.05582257163, 4667.3464145219505, 5189.57709499758, 6192.56487445329, 7671.75720785129, 8673.66471318924, 9743.12424726724, 10674.5331682574, 11280.8147874689, 11456.024084962, 12537.5590622829, 14147.765772963801, 14560.167101283401, 14996.4141667151, 18201.698719564, 18316.7650216902, 18270.3566545332, 18743.8031708272, 18743.8031708272], "index": ["2000", "2001", "2002", "2003", "2004", "2005", "2006", "2007", "2008", "2009", "2010", "2011", "2012", "2013", "2014", "2015", "2016", "2017", "2018", "2019", "2020", "2021", "2022", "2023", "2024", "2025"], "name": "NY.GDP.MKTP.CD", "index_numeric": true}}