{"ts": 1771102017.9940596, "data": {"values": [46.7513123268903, 45.5685898287494, 44.9841418387033, 42.8053205220649, 40.7469493630806, 39.8129615733976, 38.0007673700593, 36.6182835563683, 35.5421749900869, 35.578875871033, 34.6030669287517, 35.249530166574, 35.7107241394048, 36.1289393837992, 36.9862190673163, 38.0605584392569, 39.1623543569108, 38.9547629530877, 38.9434900328533, 39.3519993191979, 38.1684961438545, 38.3739712034949, 37.7771550661597, 39.568245214664, 39.9268156139089, 39.9268156139089], "index": ["2000", "2001", "2002", "2003", "2004", "2005", "2006", "2007", "2008", "2009", "2010", "2011", "2012", "2013", "2014", "2015", "2016", "2017", "2018", "2019", "2020", "2021", "2022", "2023", "2024", "2025"], "name": "NE.CON.PRVT.ZS", "index_numeric": true}}