{"ts": 1771102047.0686119, "data": {"values": [14.147765772963801, 14.560167101283401, 14.9964141667151, 18.201698719564, 18.3167650216902, 18.2703566545332, 18.7438031708272, 18.7438031708272], "index": ["2018", "2019", "2020", "2021", "2022", "2023", "2024", "2025"], "name": "NY.GDP.MKTP.CD", "index_numeric": true}}