{"ts": 1771102045.0951967, "data": {"values": [33.6326827140045, 35.523858010134, 36.0687816828708, 39.4280130265115, 41.6343741627493, 40.178086700104, 39.6897003482818, 40.2220879226288, 41.9607249432501, 44.9282638913962, 46.1023443345586, 46.2703012824496, 45.8169211701107, 45.9224093546636, 45.3115352657107, 42.7349872564364, 42.1386166189127, 42.5497375507577, 43.313827489682, 42.6695374085222, 42.5723735094229, 42.6822612949312, 42.3554333470499, 41.1297102455381, 40.6111616668625, 40.6111616668625], "index": ["2000", "2001", "2002", "2003", "2004", "2005", "2006", "2007", "2008", "2009", "2010", "2011", "2012", "2013", "2014", "2015", "2016", "2017", "2018", "2019", "2020", "2021", "2022", "2023", "2024", "2025"], "name": "NE.GDI.TOTL.ZS", "index_numeric": true}}